{
 "figura": {
  "retangulo": [
   {
    "p1": {
     "x": -0.05857740715146065,
     "y": -0.6302682161331177
    },
    "p2": {
     "x": 0.3870292901992798,
     "y": 0.02107279747724533
    },
    "cor": {
     "r": 250,
     "g": 161,
     "b": 0
    }
   }
  ]
 }
}